rank	nome	frequencia	percent
1	silva	34030104	16.7569
2	santos	21367475	10.5217
3	oliveira	11708947	5.7657
4	souza	9197158	4.5288
5	pereira	6888212	3.3919
6	ferreira	6226228	3.0659
7	lima	6094630	3.0011
8	alves	5756825	2.8347
9	rodrigues	5428540	2.6731
10	costa	4861083	2.3937
11	sousa	4797390	2.3623
12	gomes	4046634	1.9926
13	nascimento	3609232	1.7772
14	araujo	3460940	1.7042
15	ribeiro	3127425	1.54
16	almeida	3069183	1.5113
17	jesus	2859490	1.4081
18	barbosa	2738119	1.3483
19	soares	2615284	1.2878
20	carvalho	2599978	1.2803
21	martins	2576764	1.2688
22	lopes	2337914	1.1512
23	vieira	2102389	1.0352
24	rocha	2044495	1.0067
25	dias	2035387	1.0023
26	goncalves	2028298	0.9988
27	fernandes	1835974	0.9041
28	santana	1815982	0.8942
29	andrade	1707452	0.8408
30	batista	1703130	0.8386
31	nunes	1569246	0.7727
32	freitas	1534767	0.7557
33	conceicao	1534490	0.7556
34	melo	1522803	0.7499
35	moreira	1517636	0.7473
36	cardoso	1486310	0.7319
37	reis	1483376	0.7304
38	cruz	1476511	0.7271
39	ramos	1354309	0.6669
40	mendes	1329652	0.6547
41	marques	1328317	0.6541
42	machado	1268583	0.6247
43	rosa	1197956	0.5899
44	brito	1175392	0.5788
45	moraes	1135109	0.5589
46	junior	1134562	0.5587
47	moura	1073564	0.5286
48	teixeira	1042878	0.5135
49	barros	1027857	0.5061
50	castro	1023684	0.5041
51	borges	997788	0.4913
52	filho	994185	0.4896
53	maria	970996	0.4781
54	aparecida	937109	0.4614
55	campos	883403	0.435
56	miranda	876649	0.4317
57	bezerra	874360	0.4305
58	monteiro	861799	0.4244
59	pinheiro	850059	0.4186
60	paula	828355	0.4079
61	cunha	827405	0.4074
62	pinto	824756	0.4061
63	leite	789824	0.3889
64	neto	775845	0.382
65	matos	746863	0.3678
66	farias	740653	0.3647
67	neves	736163	0.3625
68	correia	718386	0.3537
69	duarte	685449	0.3375
70	viana	674291	0.332
71	silveira	665854	0.3279
72	nogueira	661273	0.3256
73	morais	658511	0.3243
74	medeiros	657549	0.3238
75	tavares	644373	0.3173
76	coelho	639315	0.3148
77	azevedo	628861	0.3097
78	fonseca	618921	0.3048
79	jose	616971	0.3038
80	garcia	615356	0.303
81	guimaraes	601971	0.2964
82	pires	590896	0.291
83	correa	580641	0.2859
84	macedo	569655	0.2805
85	franca	553981	0.2728
86	amaral	535462	0.2637
87	xavier	527569	0.2598
88	assis	517322	0.2547
89	mota	510309	0.2513
90	henrique	510012	0.2511
91	carmo	507209	0.2498
92	siqueira	501236	0.2468
93	menezes	500734	0.2466
94	queiroz	496368	0.2444
95	aguiar	493683	0.2431
96	sales	490720	0.2416
97	braga	484731	0.2387
98	amorim	481495	0.2371
99	cavalcante	475296	0.234
100	cordeiro	470447	0.2317
101	dantas	458028	0.2255
102	abreu	452712	0.2229
103	carneiro	437602	0.2155
104	cristina	417368	0.2055
105	paiva	417301	0.2055
106	magalhaes	415199	0.2045
107	anjos	410698	0.2022
108	maciel	408508	0.2012
109	maia	399521	0.1967
110	felix	397865	0.1959
111	camargo	395666	0.1948
112	faria	391084	0.1926
113	chaves	376383	0.1853
114	barreto	370994	0.1827
115	francisco	370889	0.1826
116	antonio	369764	0.1821
117	luz	368011	0.1812
118	leal	362720	0.1786
119	carlos	356002	0.1753
120	sa	344780	0.1698
121	mendonca	343744	0.1693
122	sampaio	340113	0.1675
123	torres	339239	0.167
124	cabral	337455	0.1662
125	vasconcelos	330105	0.1625
126	bispo	327621	0.1613
127	chagas	324642	0.1599
128	sena	311506	0.1534
129	antunes	302373	0.1489
130	marinho	298204	0.1468
131	lemos	297570	0.1465
132	guedes	297024	0.1463
133	feitosa	293972	0.1448
134	perreira	293382	0.1445
135	freire	293042	0.1443
136	candido	291611	0.1436
137	luiz	290743	0.1432
138	bastos	289882	0.1427
139	fatima	289158	0.1424
140	bueno	287753	0.1417
141	vitoria	287400	0.1415
142	prado	287265	0.1415
143	santiago	286672	0.1412
144	albuquerque	276583	0.1362
145	figueiredo	274842	0.1353
146	gabriel	274220	0.135
147	trindade	272539	0.1342
148	brandao	271997	0.1339
149	arruda	271379	0.1336
150	diniz	267765	0.1319
151	pacheco	265114	0.1305
152	franco	264859	0.1304
153	passos	261654	0.1288
154	lira	260301	0.1282
155	dutra	257262	0.1267
156	caetano	253518	0.1248
157	paixao	249410	0.1228
158	alencar	241054	0.1187
159	aparecido	238056	0.1172
160	gonsalves	231908	0.1142
161	mesquita	230478	0.1135
162	vicente	226624	0.1116
163	lourenco	226211	0.1114
164	augusto	225978	0.1113
165	coutinho	223947	0.1103
166	matias	222756	0.1097
167	lacerda	222305	0.1095
168	aquino	221980	0.1093
169	muniz	220300	0.1085
170	evangelista	212344	0.1046
171	felipe	211357	0.1041
172	lucas	210835	0.1038
173	pontes	209090	0.103
174	bento	207180	0.102
175	paz	206498	0.1017
176	gama	203330	0.1001
177	rezende	203262	0.1001
178	miguel	203091	0.1
179	mello	201694	0.0993
180	alexandre	201056	0.099
181	teles	200326	0.0986
182	mariano	200234	0.0986
183	simoes	192058	0.0946
184	peixoto	191302	0.0942
185	pimentel	189637	0.0934
186	paulo	188073	0.0926
187	cesar	187331	0.0922
188	roberto	185043	0.0911
189	domingos	184696	0.0909
190	domingues	184597	0.0909
191	fagundes	184208	0.0907
192	galvao	181444	0.0893
193	vaz	179422	0.0884
194	pessoa	178517	0.0879
195	texeira	175813	0.0866
196	ferraz	175318	0.0863
197	vargas	175026	0.0862
198	furtado	174176	0.0858
199	paulino	172212	0.0848
200	inacio	171742	0.0846
201	resende	169873	0.0836
202	porto	169603	0.0835
203	pedro	168117	0.0828
204	couto	167874	0.0827
205	lisboa	167581	0.0825
206	assuncao	167286	0.0824
207	cerqueira	164939	0.0812
208	alcantara	161028	0.0793
209	santo	158904	0.0782
210	sobrinho	153839	0.0758
211	fereira	151405	0.0746
212	saraiva	147341	0.0726
213	rosario	146731	0.0723
214	peres	145619	0.0717
215	damasceno	145193	0.0715
216	vale	144963	0.0714
217	barroso	144064	0.0709
218	teodoro	142234	0.07
219	bernardo	141914	0.0699
220	leao	140137	0.069
221	pedroso	139730	0.0688
222	gonzaga	138268	0.0681
223	goes	136005	0.067
224	luis	133978	0.066
225	eduardo	133456	0.0657
226	lins	131677	0.0648
227	gracas	130223	0.0641
228	padilha	129905	0.064
229	santoa	128884	0.0635
230	flores	128605	0.0633
231	lucia	128000	0.063
232	braz	127688	0.0629
233	viera	127404	0.0627
234	vitor	127076	0.0626
235	custodio	126793	0.0624
236	rabelo	126456	0.0623
237	firmino	124136	0.0611
238	galdino	123974	0.061
239	veloso	123973	0.061
240	novaes	123022	0.0606
241	regina	122913	0.0605
242	vidal	121861	0.06
243	rangel	121693	0.0599
244	bandeira	120936	0.0596
245	bonfim	120844	0.0595
246	sanches	120451	0.0593
247	meneses	118708	0.0585
248	marcelino	118248	0.0582
249	paes	117884	0.058
250	elias	117138	0.0577
251	lemes	116934	0.0576
252	messias	116217	0.0572
253	pimenta	114218	0.0562
254	toledo	113790	0.056
255	doa	111084	0.0547
256	sabino	110796	0.0546
257	aragao	110641	0.0545
258	lucena	110443	0.0544
259	figueredo	110361	0.0543
260	jorge	109496	0.0539
261	vilela	108878	0.0536
262	ricardo	107684	0.053
263	mattos	107631	0.053
264	fontes	107565	0.053
265	leandro	107288	0.0528
266	veiga	106536	0.0525
267	neres	106231	0.0523
268	ramalho	106017	0.0522
269	brasil	105065	0.0517
270	ventura	104457	0.0514
271	pinho	104396	0.0514
272	avila	103072	0.0508
273	penha	102976	0.0507
274	meireles	101508	0.05
275	venancio	101433	0.0499
276	camilo	100869	0.0497
277	fernando	100688	0.0496
278	guerra	99757	0.0491
279	nobre	99637	0.0491
280	dourado	99621	0.0491
281	pantoja	98878	0.0487
282	eduarda	98860	0.0487
283	bernardes	98160	0.0483
284	borba	98042	0.0483
285	socorro	96348	0.0474
286	meira	94759	0.0467
287	moreno	94649	0.0466
288	cavalcanti	94346	0.0465
289	barcelos	93450	0.046
290	botelho	93445	0.046
291	lara	93166	0.0459
292	espirito	93139	0.0459
293	helena	93037	0.0458
294	novais	92372	0.0455
295	francisca	91719	0.0452
296	afonso	91226	0.0449
297	rios	91190	0.0449
298	barboza	90807	0.0447
299	fraga	90437	0.0445
300	guilherme	90141	0.0444
301	nonato	89396	0.044
302	faustino	88860	0.0438
303	lino	88773	0.0437
304	rego	88712	0.0437
305	tenorio	88019	0.0433
306	caldas	87760	0.0432
307	avelino	87447	0.0431
308	silvestre	86738	0.0427
309	lobo	86675	0.0427
310	amaro	86483	0.0426
311	alvez	86346	0.0425
312	andre	85339	0.042
313	luiza	85179	0.0419
314	motta	85155	0.0419
315	deus	84032	0.0414
316	goulart	83471	0.0411
317	santis	83466	0.0411
318	marcos	83042	0.0409
319	alberto	83014	0.0409
320	rufino	82816	0.0408
321	simao	82670	0.0407
322	holanda	82200	0.0405
323	serra	81206	0.04
324	jardim	81121	0.0399
325	godoi	81047	0.0399
326	lobato	80897	0.0398
327	roque	80557	0.0397
328	gouveia	80334	0.0396
329	beatriz	80230	0.0395
330	portela	80184	0.0395
331	raimundo	79791	0.0393
332	camara	79788	0.0393
333	alvarenga	78641	0.0387
334	vinicius	78413	0.0386
335	ridrigues	78243	0.0385
336	justino	78071	0.0384
337	serafim	77465	0.0381
338	clara	76083	0.0375
339	linhares	75949	0.0374
340	dores	75914	0.0374
341	fernanda	75246	0.0371
342	castilho	75153	0.037
343	rafael	74587	0.0367
344	falcao	74533	0.0367
345	souto	74527	0.0367
346	mata	74388	0.0366
347	branco	73860	0.0364
348	pedrosa	73837	0.0364
349	cassia	73636	0.0363
350	daniel	73162	0.036
351	mateus	72862	0.0359
352	godoy	72581	0.0357
353	severino	72405	0.0357
354	esteves	72255	0.0356
355	veras	71651	0.0353
356	chavier	71642	0.0353
357	muller	70817	0.0349
358	silverio	69895	0.0344
359	damaceno	69482	0.0342
360	manoel	69436	0.0342
361	ribas	69385	0.0342
362	nobrega	68621	0.0338
363	fernades	68356	0.0337
364	caldeira	68240	0.0336
365	aires	68115	0.0335
366	sobral	67557	0.0333
367	feliciano	67215	0.0331
368	victor	67135	0.0331
369	amorin	66710	0.0328
370	arantes	66495	0.0327
371	gregorio	65192	0.0321
372	tomaz	65008	0.032
373	benedito	64722	0.0319
374	coimbra	64589	0.0318
375	balbino	64299	0.0317
376	salvador	64201	0.0316
377	nacimento	64193	0.0316
378	valente	63969	0.0315
379	modesto	63390	0.0312
380	rossi	63342	0.0312
381	clemente	63149	0.0311
382	oluveira	63006	0.031
383	severo	62643	0.0308
384	quirino	62161	0.0306
385	lurdes	62066	0.0306
386	prates	61830	0.0304
387	angelo	61253	0.0302
388	queiros	61029	0.0301
389	sodre	60182	0.0296
390	belo	60157	0.0296
391	figueira	60006	0.0295
392	quadros	59947	0.0295
393	lourdes	59767	0.0294
394	geraldo	59619	0.0294
395	ferrari	59404	0.0293
396	florencio	59207	0.0292
397	donizete	58985	0.029
398	jacinto	58772	0.0289
399	gois	58342	0.0287
400	romao	58297	0.0287
401	gaspar	58106	0.0286
402	carolina	57959	0.0285
403	bomfim	57952	0.0285
404	celestino	57945	0.0285
405	saldanha	57800	0.0285
406	noronha	57403	0.0283
407	pena	57313	0.0282
408	vital	56967	0.0281
409	vitorino	56865	0.028
410	amancio	56186	0.0277
411	prestes	55812	0.0275
412	honorato	55373	0.0273
413	lucio	55056	0.0271
414	basilio	54779	0.027
415	bruno	54660	0.0269
416	gusmao	54605	0.0269
417	fidelis	54471	0.0268
418	luna	54337	0.0268
419	sacramento	54041	0.0266
420	caroline	53925	0.0266
421	lessa	53676	0.0264
422	albino	53634	0.0264
423	rodrigo	53549	0.0264
424	valerio	53226	0.0262
425	hora	52999	0.0261
426	joaquim	52654	0.0259
427	sulva	52545	0.0259
428	sergio	52542	0.0259
429	perez	52184	0.0257
430	baptista	51994	0.0256
431	januario	51813	0.0255
432	campelo	51750	0.0255
433	monte	51451	0.0253
434	bras	51165	0.0252
435	arcanjo	51008	0.0251
436	luciano	50979	0.0251
437	santa	50928	0.0251
438	germano	50726	0.025
439	salles	50602	0.0249
440	cassiano	50523	0.0249
441	neri	50453	0.0248
442	marcondes	50428	0.0248
443	patricio	50244	0.0247
444	bitencourt	49611	0.0244
445	julia	49437	0.0243
446	leme	49038	0.0241
447	candida	48966	0.0241
448	calixto	48809	0.024
449	nery	48713	0.024
450	boas	48675	0.024
451	tomas	48631	0.0239
452	nazare	48615	0.0239
453	marins	48347	0.0238
454	fortunato	48091	0.0237
455	cavalheiro	47969	0.0236
456	madeira	47886	0.0236
457	leitao	47724	0.0235
458	brum	47701	0.0235
459	salgado	47555	0.0234
460	cezar	47398	0.0233
461	delfino	47014	0.0232
462	honorio	46804	0.023
463	tome	46795	0.023
464	lorenco	46407	0.0229
465	cardozo	46173	0.0227
466	sarmento	46107	0.0227
467	loureiro	45936	0.0226
468	claudino	45829	0.0226
469	frazao	44563	0.0219
470	medina	44512	0.0219
471	sebastiao	44396	0.0219
472	gloria	44351	0.0218
473	marciel	44114	0.0217
474	marcal	44056	0.0217
475	valentim	44015	0.0217
476	silvs	43984	0.0217
477	bessa	43790	0.0216
478	gustavo	43723	0.0215
479	mourao	43421	0.0214
480	mascarenhas	43283	0.0213
481	mauricio	43232	0.0213
482	felicio	43106	0.0212
483	fortes	42759	0.0211
484	apolinario	42372	0.0209
485	davi	42135	0.0207
486	ortiz	42003	0.0207
487	trajano	41990	0.0207
488	matheus	41977	0.0207
489	freita	41923	0.0206
490	bonifacio	41877	0.0206
491	espindola	41700	0.0205
492	david	41188	0.0203
493	becker	41006	0.0202
494	verissimo	40968	0.0202
495	vilas	40811	0.0201
496	martinez	40799	0.0201
497	leonardo	40782	0.0201
498	aleixo	40467	0.0199
499	terra	40349	0.0199
500	jr	40242	0.0198
501	maximo	40107	0.0197
502	eugenio	40085	0.0197
503	bernardino	39953	0.0197
504	estevao	39536	0.0195
505	avelar	39535	0.0195
506	viegas	39496	0.0194
507	cesario	39291	0.0193
508	cipriano	38902	0.0192
509	lago	38754	0.0191
510	ataide	38671	0.019
511	quaresma	38387	0.0189
512	laurindo	38328	0.0189
513	adriano	38287	0.0189
514	victoria	38178	0.0188
515	antonia	38103	0.0188
516	bittencourt	38067	0.0187
517	malaquias	38047	0.0187
518	delgado	37976	0.0187
519	rogerio	37557	0.0185
520	prazeres	37495	0.0185
521	lopez	37468	0.0184
522	macena	37395	0.0184
523	floriano	37257	0.0183
524	anunciacao	36978	0.0182
525	dw	36965	0.0182
526	emanuel	36908	0.0182
527	castelo	36877	0.0182
528	romero	36867	0.0182
529	marcolino	36727	0.0181
530	fialho	36569	0.018
531	junqueira	36553	0.018
532	geronimo	36439	0.0179
533	florentino	36234	0.0178
534	cortes	36163	0.0178
535	ruiz	36157	0.0178
536	joao	36134	0.0178
537	ferro	36022	0.0177
538	seixas	35845	0.0177
539	magno	35768	0.0176
540	dorneles	35589	0.0175
541	cintra	35508	0.0175
542	proenca	35345	0.0174
543	sikva	35114	0.0173
544	varela	34920	0.0172
545	sofia	34812	0.0171
546	schneider	34779	0.0171
547	graca	34714	0.0171
548	regis	34611	0.017
549	rita	34429	0.017
550	americo	34305	0.0169
551	flor	34229	0.0169
552	telles	34139	0.0168
553	olveira	33888	0.0167
554	benicio	33800	0.0166
555	valadares	33767	0.0166
556	gabriela	33590	0.0165
557	serrao	33577	0.0165
558	dionisio	33576	0.0165
559	godinho	33468	0.0165
560	uchoa	33431	0.0165
561	munhoz	33425	0.0165
562	guajajara	33398	0.0164
563	del	33323	0.0164
564	fogaca	33139	0.0163
565	salomao	33089	0.0163
566	gil	33011	0.0163
567	nicolau	32938	0.0162
568	ramires	32792	0.0161
569	simplicio	32779	0.0161
570	padua	32676	0.0161
571	weber	32656	0.0161
572	vianna	32503	0.016
573	constantino	32491	0.016
574	guerreiro	32478	0.016
575	fontoura	32432	0.016
576	valentin	32431	0.016
577	ambrosio	32393	0.016
578	goncalvez	32320	0.0159
579	palma	32266	0.0159
580	olivera	32230	0.0159
581	mafra	32172	0.0158
582	clementino	32117	0.0158
583	agostinho	31729	0.0156
584	camelo	31703	0.0156
585	claudio	31566	0.0155
586	morreira	31544	0.0155
587	marcelo	31360	0.0154
588	gabriele	31335	0.0154
589	diogo	31231	0.0154
590	alcantra	31212	0.0154
591	medeiro	31210	0.0154
592	mathias	31207	0.0154
593	divino	31030	0.0153
594	gadelha	30979	0.0153
595	evaristo	30923	0.0152
596	neta	30906	0.0152
597	aurelio	30724	0.0151
598	jordao	30635	0.0151
599	dal	30455	0.015
600	frota	30265	0.0149
601	bernado	30213	0.0149
602	rolim	30170	0.0149
603	malta	30162	0.0149
604	baia	30133	0.0148
605	olimpio	30070	0.0148
606	manuel	30053	0.0148
607	bentes	29921	0.0147
608	crispim	29900	0.0147
609	calisto	29892	0.0147
610	silca	29779	0.0147
611	navarro	29694	0.0146
612	carla	29691	0.0146
613	henriques	29621	0.0146
614	ximenes	29558	0.0146
615	parente	29531	0.0145
615	lustosa	29531	0.0145
617	cosme	29434	0.0145
618	palmeira	29407	0.0145
619	azeredo	29381	0.0145
620	cecilia	29286	0.0144
621	rodriguez	29269	0.0144
622	benites	29143	0.0144
623	alvea	29094	0.0143
624	primo	29032	0.0143
625	caires	29003	0.0143
626	leonel	28963	0.0143
627	donato	28865	0.0142
628	damiao	28792	0.0142
629	gimenes	28660	0.0141
630	fragoso	28640	0.0141
631	valle	28452	0.014
632	mara	28389	0.014
633	siva	28388	0.014
634	julio	28328	0.0139
635	marciano	28202	0.0139
636	laurentino	28201	0.0139
637	alice	27861	0.0137
638	procopio	27805	0.0137
639	romano	27599	0.0136
640	cristine	27497	0.0135
641	golcalves	27456	0.0135
642	solza	27347	0.0135
643	fernandez	27335	0.0135
644	pina	27327	0.0135
645	jeronimo	27324	0.0135
646	canuto	27310	0.0134
647	fontenele	27216	0.0134
648	merces	27169	0.0134
649	bahia	27111	0.0133
650	souzq	27082	0.0133
651	loiola	27068	0.0133
652	tadeu	27063	0.0133
653	benevides	27059	0.0133
654	klein	27054	0.0133
655	santod	26963	0.0133
656	belem	26962	0.0133
657	pessanha	26935	0.0133
658	vila	26793	0.0132
659	porfirio	26775	0.0132
660	anastacio	26739	0.0132
661	cortez	26617	0.0131
662	liberato	26471	0.013
663	se	26422	0.013
664	silvia	26395	0.013
665	basto	26308	0.013
666	schmidt	26228	0.0129
667	cassimiro	26215	0.0129
668	quintino	26193	0.0129
669	madalena	26140	0.0129
670	raposo	26100	0.0129
671	molina	26074	0.0128
672	patricia	26064	0.0128
673	anacleto	25994	0.0128
674	conseicao	25944	0.0128
675	terezinha	25765	0.0127
676	cristo	25740	0.0127
677	timoteo	25707	0.0127
678	prata	25689	0.0126
679	paim	25563	0.0126
680	martin	25532	0.0126
681	hugo	25489	0.0126
682	junio	25401	0.0125
683	madureira	25397	0.0125
684	fiuza	25380	0.0125
685	teixera	25232	0.0124
686	anselmo	25209	0.0124
687	colares	25125	0.0124
688	silvq	25122	0.0124
689	alvares	24924	0.0123
690	alonso	24806	0.0122
691	nazario	24796	0.0122
692	isabel	24778	0.0122
693	belarmino	24550	0.0121
694	otavio	24431	0.012
695	beserra	24411	0.012
696	targino	24277	0.012
697	reboucas	24253	0.0119
698	portugal	24252	0.0119
699	boaventura	24218	0.0119
700	pascoal	24203	0.0119
701	tobias	24160	0.0119
702	zacarias	24144	0.0119
703	sartori	24095	0.0119
704	dantos	24084	0.0119
705	samuel	24043	0.0118
706	claro	24032	0.0118
707	fe	24018	0.0118
708	davila	23985	0.0118
709	caitano	23953	0.0118
710	fa	23936	0.0118
711	fontana	23903	0.0118
712	valentina	23898	0.0118
713	negreiros	23870	0.0118
714	vasconcelo	23829	0.0117
715	piedade	23821	0.0117
716	graciano	23800	0.0117
717	netto	23651	0.0116
718	furlan	23650	0.0116
719	adao	23616	0.0116
720	augusta	23607	0.0116
721	duque	23559	0.0116
722	gomea	23492	0.0116
723	rodriguea	23484	0.0116
724	gonzales	23473	0.0116
725	senna	23416	0.0115
726	soyza	23268	0.0115
727	roberta	23244	0.0114
728	abrantes	23227	0.0114
729	vilar	23192	0.0114
730	casagrande	23133	0.0114
731	rodeigues	23071	0.0114
732	salazar	23044	0.0113
733	parreira	22934	0.0113
734	basso	22782	0.0112
735	estevam	22692	0.0112
736	batalha	22645	0.0112
737	sobreira	22637	0.0111
738	virgens	22619	0.0111
739	aguilar	22584	0.0111
740	fabricio	22503	0.0111
741	damasio	22465	0.0111
742	feijo	22447	0.0111
743	conrado	22378	0.011
744	seabra	22350	0.011
745	vilhena	22222	0.0109
746	cosmo	22194	0.0109
747	taveira	22192	0.0109
748	cirilo	22103	0.0109
749	estrela	22067	0.0109
750	lana	22059	0.0109
751	amarante	21998	0.0108
752	herculano	21958	0.0108
753	nepomuceno	21902	0.0108
754	filha	21890	0.0108
755	luisa	21827	0.0107
756	trevisan	21777	0.0107
757	golveia	21761	0.0107
758	gurgel	21733	0.0107
759	guimares	21728	0.0107
760	neiva	21678	0.0107
761	ciqueira	21664	0.0107
762	lorenzo	21645	0.0107
763	ananias	21593	0.0106
764	torquato	21557	0.0106
765	claudia	21476	0.0106
766	ignacio	21467	0.0106
767	palheta	21455	0.0106
768	fabiano	21432	0.0106
769	vitorio	21325	0.0105
770	hernandes	21322	0.0105
771	moises	21320	0.0105
772	jacob	21272	0.0105
773	gonzalez	21270	0.0105
774	munis	21250	0.0105
775	colombo	21245	0.0105
776	morales	21215	0.0104
777	maranhao	21192	0.0104
778	lage	21130	0.0104
779	escobar	21124	0.0104
780	kelly	21102	0.0104
781	mendoca	21101	0.0104
782	prudencio	21092	0.0104
783	celia	21090	0.0104
784	gouvea	21088	0.0104
785	duraes	21084	0.0104
786	dilva	21056	0.0104
787	serpa	21000	0.0103
788	marin	20971	0.0103
789	osorio	20958	0.0103
790	rosendo	20946	0.0103
791	laura	20929	0.0103
792	negrao	20865	0.0103
793	patrocinio	20853	0.0103
794	calvacante	20822	0.0103
795	siova	20789	0.0102
796	vera	20762	0.0102
797	pio	20728	0.0102
798	cirino	20670	0.0102
799	neris	20660	0.0102
800	montenegro	20642	0.0102
801	ponte	20625	0.0102
802	leticia	20601	0.0101
803	calado	20598	0.0101
804	luzia	20571	0.0101
805	hilario	20529	0.0101
806	barcellos	20527	0.0101
807	ruas	20510	0.0101
808	sao	20502	0.0101
809	narciso	20487	0.0101
810	naves	20467	0.0101
811	bernadino	20402	0.01
812	rodrugues	20351	0.01
813	silvino	20346	0.01
814	thomaz	20333	0.01
815	hoffmann	20319	0.01
816	francelino	20303	0.01
817	tiago	20195	0.0099
818	martis	20188	0.0099
819	algusto	20152	0.0099
820	wagner	20073	0.0099
821	soarea	20038	0.0099
822	ortega	20003	0.0098
823	feitoza	19956	0.0098
824	sardinha	19949	0.0098
825	marcedo	19946	0.0098
826	vasques	19944	0.0098
827	simas	19929	0.0098
828	fonceca	19921	0.0098
829	dornelas	19889	0.0098
830	ailva	19862	0.0098
831	luma	19846	0.0098
832	caixeta	19833	0.0098
833	emidio	19807	0.0098
834	alexandrino	19778	0.0097
835	nova	19736	0.0097
836	forte	19726	0.0097
837	berto	19673	0.0097
838	hipolito	19671	0.0097
839	tereza	19648	0.0097
840	nao	19593	0.0096
841	alburquerque	19558	0.0096
842	froes	19481	0.0096
843	pestana	19459	0.0096
844	braganca	19412	0.0096
845	inocencio	19351	0.0095
846	douglas	19342	0.0095
847	campo	19309	0.0095
848	ana	19301	0.0095
849	britto	19285	0.0095
850	luca	19269	0.0095
851	vasconcellos	19247	0.0095
852	lazaro	19227	0.0095
853	landim	19205	0.0095
854	juliao	19196	0.0095
855	macario	19163	0.0094
856	salviano	19131	0.0094
857	dinis	19096	0.0094
858	tolentino	19078	0.0094
859	aranha	19067	0.0094
860	reinaldo	19062	0.0094
861	nascinento	18991	0.0094
862	pecanha	18943	0.0093
863	zeferino	18942	0.0093
864	solsa	18901	0.0093
865	conde	18818	0.0093
866	ines	18681	0.0092
867	sabtos	18641	0.0092
868	felizardo	18626	0.0092
869	pedreira	18600	0.0092
870	camargos	18599	0.0092
871	boa	18539	0.0091
872	gontijo	18334	0.009
873	saturnino	18275	0.009
874	lelis	18253	0.009
875	severiano	18232	0.009
876	medrado	18223	0.009
877	freires	18213	0.009
878	raquel	17996	0.0089
879	limeira	17978	0.0089
880	gaia	17976	0.0089
881	lucca	17951	0.0088
882	auxiliadora	17935	0.0088
883	bernardi	17883	0.0088
884	valenca	17860	0.0088
885	bernades	17836	0.0088
886	valadao	17798	0.0088
887	peteira	17777	0.0088
888	miller	17755	0.0087
889	vanderlei	17698	0.0087
890	eloi	17687	0.0087
891	rech	17670	0.0087
892	albano	17626	0.0087
893	mantovani	17621	0.0087
894	taborda	17512	0.0086
895	sanchez	17483	0.0086
896	baltazar	17468	0.0086
897	romeiro	17465	0.0086
898	nere	17453	0.0086
899	martini	17387	0.0086
900	gondim	17385	0.0086
901	oliveura	17382	0.0086
902	bezera	17366	0.0086
903	martines	17362	0.0085
904	marcio	17343	0.0085
905	barro	17337	0.0085
906	sophia	17314	0.0085
907	pavao	17276	0.0085
908	meirelles	17250	0.0085
909	galindo	17148	0.0084
910	canto	17125	0.0084
911	cirqueira	17001	0.0084
912	dr	17000	0.0084
913	bosco	16975	0.0084
914	ayres	16881	0.0083
915	ap	16874	0.0083
916	asis	16852	0.0083
917	goncalo	16846	0.0083
918	liz	16841	0.0083
919	rebelo	16816	0.0083
920	ponciano	16737	0.0082
921	cutrim	16735	0.0082
922	noleto	16731	0.0082
923	bianchi	16628	0.0082
924	bizerra	16603	0.0082
925	lina	16590	0.0082
926	teofilo	16562	0.0082
927	rafaela	16499	0.0081
928	vinicios	16450	0.0081
929	urbano	16384	0.0081
930	vitoriano	16375	0.0081
931	silvano	16321	0.008
932	gimenez	16300	0.008
933	penteado	16296	0.008
934	barbieri	16251	0.008
935	portes	16215	0.008
936	livramento	16196	0.008
937	amador	16161	0.008
938	montes	16148	0.008
939	salustiano	16139	0.0079
940	lorena	16127	0.0079
941	maximiano	16123	0.0079
942	pompeu	16080	0.0079
943	damacena	16069	0.0079
944	theodoro	16007	0.0079
945	querino	16000	0.0079
946	ribamar	15984	0.0079
947	onorio	15971	0.0079
948	laureano	15966	0.0079
949	cantanhede	15956	0.0079
950	brasileiro	15929	0.0078
951	crus	15928	0.0078
952	marino	15927	0.0078
953	moro	15851	0.0078
954	dalla	15820	0.0078
955	guia	15806	0.0078
956	domiciano	15800	0.0078
957	manhaes	15799	0.0078
958	quintanilha	15762	0.0078
959	demetrio	15757	0.0078
960	eustaquio	15746	0.0078
961	carreiro	15738	0.0077
962	valeriano	15710	0.0077
963	pietro	15696	0.0077
964	barbara	15666	0.0077
965	valeria	15646	0.0077
966	sato	15639	0.0077
967	cristiano	15632	0.0077
968	laranjeira	15610	0.0077
969	tiburcio	15607	0.0077
970	alfredo	15582	0.0077
971	orlando	15563	0.0077
972	marcia	15527	0.0076
973	militao	15522	0.0076
974	ramiro	15518	0.0076
975	fermino	15488	0.0076
976	balieiro	15478	0.0076
977	onofre	15439	0.0076
978	prudente	15408	0.0076
979	goveia	15382	0.0076
980	acosta	15329	0.0075
981	justo	15324	0.0075
982	vasconselos	15310	0.0075
983	natividade	15303	0.0075
984	bacelar	15298	0.0075
985	paranhos	15288	0.0075
986	cota	15260	0.0075
987	zago	15258	0.0075
988	olegario	15231	0.0075
989	gomez	15220	0.0075
990	felisberto	15214	0.0075
991	cristiane	15205	0.0075
992	emanuele	15198	0.0075
992	barata	15198	0.0075
994	dasilva	15180	0.0075
995	quevedo	15178	0.0075
996	doria	15146	0.0075
997	amparo	15135	0.0075
998	marcon	15133	0.0075
999	yanomami	15098	0.0074
1000	mariana	15093	0.0074
1001	leoncio	15088	0.0074
1002	nolasco	15060	0.0074
1003	portilho	15054	0.0074
1004	louzada	15018	0.0074
1005	mayer	14990	0.0074
1006	milani	14964	0.0074
1007	ds	14961	0.0074
1008	siuza	14958	0.0074
1009	filgueira	14934	0.0074
1010	gualberto	14925	0.0073
1011	henrrique	14884	0.0073
1012	abrel	14880	0.0073
1013	serafin	14831	0.0073
1014	wanderley	14781	0.0073
1015	sant	14732	0.0073
1016	dionizio	14700	0.0072
1017	calazans	14580	0.0072
1018	bicalho	14578	0.0072
1019	garrido	14570	0.0072
1020	barreira	14560	0.0072
